{"cameraMode":{"drawMode":0,"name":"Shaded","section":"Shading Mode"},"sceneLighting":true,"audioPlay":false,"sceneViewState":{"m_AlwaysRefresh":false,"showFog":true,"showSkybox":true,"showFlares":true,"showImageEffects":true,"showParticleSystems":true,"showVisualEffectGraphs":true,"m_FxEnabled":true},"in2DMode":false,"pivot":{"x":100.18635559082031,"y":-14.510595321655274,"z":39.64412307739258},"rotation":{"x":0.25201523303985598,"y":-0.08570056408643723,"z":0.024347562342882158,"w":0.963642954826355},"size":12.12435531616211,"orthographic":false}