{"cameraMode":{"drawMode":0,"name":"Shaded","section":"Shading Mode"},"sceneLighting":true,"audioPlay":false,"sceneViewState":{"m_AlwaysRefresh":false,"showFog":true,"showSkybox":true,"showFlares":true,"showImageEffects":true,"showParticleSystems":true,"showVisualEffectGraphs":true,"m_FxEnabled":true},"in2DMode":false,"pivot":{"x":-175.64849853515626,"y":17.691312789916993,"z":-25.849246978759767},"rotation":{"x":-0.002150648972019553,"y":-0.9988205432891846,"z":0.005358098540455103,"w":-0.05048489570617676},"size":11.814879417419434,"orthographic":false}