{"cameraMode":{"drawMode":0,"name":"Shaded","section":"Shading Mode"},"sceneLighting":true,"audioPlay":false,"sceneViewState":{"m_AlwaysRefresh":false,"showFog":true,"showSkybox":true,"showFlares":true,"showImageEffects":true,"showParticleSystems":true,"showVisualEffectGraphs":true,"m_FxEnabled":true},"in2DMode":false,"pivot":{"x":127.43499755859375,"y":-29.447616577148439,"z":-22.589384078979493},"rotation":{"x":-0.040981143712997439,"y":-0.9609106183052063,"z":0.19186578691005708,"w":-0.195492222905159},"size":30.366008758544923,"orthographic":false}