{"cameraMode":{"drawMode":0,"name":"Shaded","section":"Shading Mode"},"sceneLighting":true,"audioPlay":false,"sceneViewState":{"m_AlwaysRefresh":false,"showFog":true,"showSkybox":true,"showFlares":true,"showImageEffects":true,"showParticleSystems":true,"showVisualEffectGraphs":true,"m_FxEnabled":true},"in2DMode":false,"pivot":{"x":332.4851989746094,"y":18.458152770996095,"z":-25.638717651367189},"rotation":{"x":0.01265238132327795,"y":-0.987381100654602,"z":0.11187192052602768,"w":0.11250156909227371},"size":1.0699228048324586,"orthographic":false}