{"cameraMode":{"drawMode":0,"name":"Shaded","section":"Shading Mode"},"sceneLighting":false,"audioPlay":false,"sceneViewState":{"m_AlwaysRefresh":false,"showFog":true,"showSkybox":false,"showFlares":true,"showImageEffects":true,"showParticleSystems":true,"showVisualEffectGraphs":true,"m_FxEnabled":true},"in2DMode":false,"pivot":{"x":105.37958526611328,"y":-14.733760833740235,"z":20.296403884887697},"rotation":{"x":0.10296546667814255,"y":0.8231012225151062,"z":-0.15820996463298798,"w":0.5356290340423584},"size":1.0266104936599732,"orthographic":false}