{"cameraMode":{"drawMode":0,"name":"Shaded","section":"Shading Mode"},"sceneLighting":false,"audioPlay":false,"sceneViewState":{"m_AlwaysRefresh":false,"showFog":true,"showSkybox":false,"showFlares":true,"showImageEffects":true,"showParticleSystems":true,"showVisualEffectGraphs":true,"m_FxEnabled":true},"in2DMode":false,"pivot":{"x":697.9656372070313,"y":-21.541200637817384,"z":-251.94932556152345},"rotation":{"x":-0.04136217385530472,"y":0.03715647757053375,"z":-0.0015432348009198905,"w":-0.9984682202339172},"size":213.5602569580078,"orthographic":false}